{
  "recall@1_i2t": 0.1664000004529953,
  "recall@1_t2i": 0.21719999611377716,
  "recall@5_i2t": 0.39820000529289246,
  "recall@5_t2i": 0.48420000076293945,
  "recall@10_i2t": 0.5351999998092651,
  "recall@10_t2i": 0.6191999912261963,
  "mean_rank_i2t": 34.448001861572266,
  "mean_rank_t2i": 30.388999938964844
}